Country_or_territory_name,ISO_3_character_country_territory_code,Region,Year,Estimated_total_population_number,Estimated_prevalence_of_TB_all_forms_per_100_000_population,Estimated_prevalence_of_TB_all_forms,Method_to_derive_prevalence_estimates,Estimated_mortality_of_TB_cases_all_forms_excluding_HIV_per_100_000_population,Estimated_number_of_deaths_from_TB_all_forms_excluding_HIV,Estimated_mortality_of_TB_cases_who_are_HIV_positive_per_100_000_population,Estimated_number_of_deaths_from_TB_in_people_who_are_HIV_positive,Method_to_derive_mortality_estimates,Estimated_incidence_all_forms_per_100_000_population,Estimated_number_of_incident_cases_all_forms,Estimated_HIV_in_incident_TB_percent,Estimated_incidence_of_TB_cases_who_are_HIV_positive_per_100_000_population,Estimated_incidence_of_TB_cases_who_are_HIV_positive,Case_detection_rate_all_forms_percent
Bhutan,BTN,SEA,1990,535738,1762,9400,predicted,277,1500,0,0,Indirect,777,4200,0.00999999977648258,0.0399999991059303,0.230000004172325,28
Bhutan,BTN,SEA,1991,534905,1626,8700,predicted,257,1400,0,0,Indirect,731,3900,0.00999999977648258,0.0500000007450581,0.270000010728836,25
Bhutan,BTN,SEA,1992,528304,1496,7900,predicted,235,1200,0,0,Indirect,688,3600,0.00999999977648258,0.0500000007450581,0.280000001192093,3.90000009536743
Bhutan,BTN,SEA,1993,519056,1371,7100,predicted,212,1100,0,0,Indirect,646,3400,0.00999999977648258,0.0599999986588955,0.319999992847443,3.20000004768372
Bhutan,BTN,SEA,1994,511588,1246,6400,predicted,188,960,0,0,Indirect,604,3100,0.00999999977648258,0.0700000002980232,0.379999995231628,37
Bhutan,BTN,SEA,1995,509105,1126,5700,predicted,164,830,0,0,Indirect,563,2900,0.00999999977648258,0.0799999982118607,0.400000005960464,45
Bhutan,BTN,SEA,1996,512594,1014,5200,predicted,142,730,0,0,Indirect,523,2700,0.0199999995529652,0.0900000035762787,0.46000000834465,47
Bhutan,BTN,SEA,1997,521146,907,4700,predicted,125,650,0,0,Indirect,488,2500,0.0199999995529652,0.0900000035762787,0.479999989271164,48
Bhutan,BTN,SEA,1998,533737,817,4400,predicted,110,590,0,0,Indirect,457,2400,0.0199999995529652,0.100000001490116,0.540000021457672,53
Bhutan,BTN,SEA,1999,548599,754,4100,predicted,99,540,0,0,Indirect,428,2300,0.0299999993294477,0.109999999403954,0.589999973773956,50
Bhutan,BTN,SEA,2000,564350,716,4000,predicted,90,510,0,0,Indirect,402,2300,0.0299999993294477,0.119999997317791,0.670000016689301,50
Bhutan,BTN,SEA,2001,580888,673,3900,predicted,83,480,0,0,Indirect,377,2200,0.0299999993294477,0.129999995231628,0.740000009536743,47
Bhutan,BTN,SEA,2002,598455,631,3800,predicted,78,470,0,0,Indirect,353,2100,0.0399999991059303,0.129999995231628,0.800000011920929,52
Bhutan,BTN,SEA,2003,616383,591,3600,predicted,73,450,0,0,Indirect,329,2000,0.0399999991059303,0.140000000596046,0.870000004768372,51
Bhutan,BTN,SEA,2004,633893,548,3500,predicted,68,430,0,0,Indirect,307,1900,0.0500000007450581,0.150000005960464,0.920000016689301,51
Bhutan,BTN,SEA,2005,650417,505,3300,predicted,62,400,0,0,Indirect,287,1900,0.0500000007450581,0.150000005960464,0.970000028610229,54
Bhutan,BTN,SEA,2006,665568,459,3100,predicted,55,370,0,0,Indirect,268,1800,0.0599999986588955,0.150000005960464,1,51
Bhutan,BTN,SEA,2007,679365,418,2800,predicted,48,320,0,0,Indirect,251,1700,0.0599999986588955,0.159999996423721,1.10000002384186,59
Bhutan,BTN,SEA,2008,692159,378,2600,predicted,40,280,0,0,Indirect,235,1600,0.0700000002980232,0.159999996423721,1.10000002384186,59
Bhutan,BTN,SEA,2009,704542,339,2400,predicted,32,230,0,0,Indirect,220,1600,0.0700000002980232,0.159999996423721,1.10000002384186,73
Bhutan,BTN,SEA,2010,716939,302,2200,predicted,26,180,0,0,Indirect,206,1500,0.0799999982118607,0.159999996423721,1.20000004768372,89
Bhutan,BTN,SEA,2011,729429,265,1900,predicted,20,140,0,0,Indirect,192,1400,0.0799999982118607,0.159999996423721,1.20000004768372,88
Bhutan,BTN,SEA,2012,741822,229,1700,predicted,15,110,0,0,Indirect,180,1300,0.0900000035762787,0.159999996423721,1.20000004768372,85
Bhutan,BTN,SEA,2013,753947,196,1500,predicted,12,88,0,0,Indirect,169,1300,0.0900000035762787,0.150000005960464,1.10000002384186,85
Cambodia,KHM,WPR,1990,9057339,1667,150000,survey imputed,207,19000,0.239999994635582,22,Indirect,584,53000,0.0599999986588955,0.370000004768372,33,12
Cambodia,KHM,WPR,1991,9378185,1667,160000,survey imputed,202,19000,0.939999997615814,88,Indirect,581,54000,0.25,1.5,140,20
Cambodia,KHM,WPR,1992,9721775,1667,160000,survey imputed,197,19000,2.79999995231628,270,Indirect,578,56000,0.759999990463257,4.40000009536743,430,29
Cambodia,KHM,WPR,1993,10077404,1667,170000,survey imputed,193,19000,6,610,Indirect,576,58000,1.70000004768372,9.69999980926514,970,23
Cambodia,KHM,WPR,1994,10430268,1667,170000,survey imputed,188,20000,10,1100,Indirect,575,60000,2.90000009536743,17,1700,25
Cambodia,KHM,WPR,1995,10769198,1667,180000,survey imputed,185,20000,15,1600,Indirect,576,62000,4.19999980926514,24,2600,24
Cambodia,KHM,WPR,1996,11090611,1667,180000,survey imputed,182,20000,19,2100,Indirect,578,64000,5.5,31,3500,23
Cambodia,KHM,WPR,1997,11395958,1667,190000,survey imputed,180,21000,23,2600,Indirect,580,66000,6.5,38,4300,24
Cambodia,KHM,WPR,1998,11685332,1667,190000,survey imputed,177,21000,26,3000,Indirect,581,68000,7.40000009536743,43,5000,25
Cambodia,KHM,WPR,1999,11960467,1651,200000,survey imputed,172,21000,28,3300,Indirect,580,69000,8.10000038146973,47,5600,28
Cambodia,KHM,WPR,2000,12222871,1619,200000,survey imputed,166,20000,29,3500,Indirect,575,70000,8.60000038146973,49,6000,27
Cambodia,KHM,WPR,2001,12472586,1571,200000,survey imputed,157,20000,28,3500,Indirect,567,71000,8.80000019073486,50,6200,27
Cambodia,KHM,WPR,2002,12709336,1511,190000,survey,146,19000,27,3400,Indirect,556,71000,8.89999961853027,49,6300,35
Cambodia,KHM,WPR,2003,12934369,1411,180000,survey imputed,135,17000,24,3100,Indirect,542,70000,8.80000019073486,47,6100,40
Cambodia,KHM,WPR,2004,13149386,1318,170000,survey imputed,123,16000,21,2700,Indirect,527,69000,8.39999961853027,44,5800,44
Cambodia,KHM,WPR,2005,13356424,1231,160000,survey imputed,112,15000,17,2300,Indirect,511,68000,7.69999980926514,40,5300,52
Cambodia,KHM,WPR,2006,13555054,1150,160000,survey imputed,102,14000,14,1800,Indirect,496,67000,6.90000009536743,34,4600,52
Cambodia,KHM,WPR,2007,13747288,1074,150000,survey imputed,94,13000,10,1400,Indirect,480,66000,6,29,4000,54
Cambodia,KHM,WPR,2008,13940518,1003,140000,survey imputed,86,12000,8.60000038146973,1200,Indirect,465,65000,5.59999990463257,26,3600,60
Cambodia,KHM,WPR,2009,14144225,937,130000,survey imputed,79,11000,7.09999990463257,1000,Indirect,450,64000,5.09999990463257,23,3300,62
Cambodia,KHM,WPR,2010,14364931,875,130000,survey imputed,74,11000,6.09999990463257,870,Indirect,436,63000,4.80000019073486,21,3000,65
Cambodia,KHM,WPR,2011,14605862,817,120000,survey,70,10000,5.30000019073486,780,Indirect,423,62000,4.59999990463257,19,2800,62
Cambodia,KHM,WPR,2012,14864646,764,110000,survey imputed,68,10000,4.30000019073486,650,Indirect,411,61000,4.09999990463257,17,2500,66
Cambodia,KHM,WPR,2013,15135169,715,110000,survey imputed,66,10000,3.90000009536743,590,Indirect,400,61000,3.90000009536743,15,2300,62
Djibouti,DJI,EMR,1990,589924,1015,6000,predicted,108,640,0.680000007152557,4,Indirect,626,3700,0.330000013113022,2.09999990463257,12,57
Djibouti,DJI,EMR,1991,612589,936,5700,predicted,91,550,0.980000019073486,6,Indirect,618,3800,0.560000002384186,3.5,21,77
Djibouti,DJI,EMR,1992,629373,882,5600,predicted,77,480,1.39999997615814,9,Indirect,615,3900,0.899999976158142,5.5,35,75
Djibouti,DJI,EMR,1993,641900,842,5400,predicted,65,420,1.89999997615814,12,Indirect,617,4000,1.39999997615814,8.60000038146973,55,88
Djibouti,DJI,EMR,1994,652793,813,5300,predicted,56,370,2.59999990463257,17,Indirect,619,4000,2.09999990463257,13,84,82
Djibouti,DJI,EMR,1995,663999,789,5200,predicted,50,330,3.29999995231628,22,Indirect,621,4100,3,19,120,75
Djibouti,DJI,EMR,1996,675891,768,5200,predicted,46,310,4.40000009536743,30,Indirect,621,4200,4.09999990463257,26,170,79
Djibouti,DJI,EMR,1997,687897,754,5200,predicted,44,300,5.69999980926514,39,Indirect,621,4300,5.5,34,230,90
Djibouti,DJI,EMR,1998,699922,746,5200,predicted,44,310,7.40000009536743,52,Indirect,620,4300,7,43,300,87
Djibouti,DJI,EMR,1999,711652,748,5300,predicted,47,340,9.69999980926514,69,Indirect,619,4400,8.60000038146973,53,380,94
Djibouti,DJI,EMR,2000,722887,761,5500,predicted,52,380,12,89,Indirect,619,4500,10,62,450,89
Djibouti,DJI,EMR,2001,733732,776,5700,predicted,59,440,16,120,Indirect,619,4500,11,70,510,92
Djibouti,DJI,EMR,2002,744434,801,6000,predicted,67,500,19,140,Indirect,619,4600,13,78,580,69
Djibouti,DJI,EMR,2003,755085,835,6300,predicted,75,560,23,180,Indirect,619,4700,14,84,640,69
Djibouti,DJI,EMR,2004,765776,855,6500,predicted,81,620,26,200,Indirect,619,4700,14,88,670,62
Djibouti,DJI,EMR,2005,776585,864,6700,predicted,85,660,28,210,Indirect,620,4800,14,89,690,65
Djibouti,DJI,EMR,2006,787544,867,6800,predicted,86,680,27,210,Indirect,620,4900,14,86,680,62
Djibouti,DJI,EMR,2007,798690,871,7000,predicted,85,680,25,200,Indirect,620,4900,13,82,660,65
Djibouti,DJI,EMR,2008,810100,879,7100,predicted,83,670,23,190,Indirect,620,5000,13,77,630,73
Djibouti,DJI,EMR,2009,821865,884,7300,predicted,82,670,21,170,Indirect,620,5100,12,72,590,74
Djibouti,DJI,EMR,2010,834036,890,7400,predicted,83,690,19,160,Indirect,620,5200,11,66,550,81
Djibouti,DJI,EMR,2011,846646,897,7600,predicted,86,730,17,140,Indirect,620,5300,9.60000038146973,59,500,70
Djibouti,DJI,EMR,2012,859652,903,7800,predicted,92,800,15,130,Indirect,620,5300,8.30000019073486,51,440,65
Djibouti,DJI,EMR,2013,872932,906,7900,predicted,100,870,14,120,Indirect,619,5400,7.19999980926514,45,390,58
Guyana,GUY,AMR,1990,725043,198,1400,predicted,7.5,54,0.409999996423721,3,VR,90,650,0.720000028610229,0.639999985694885,4.59999990463257,26
Guyana,GUY,AMR,1991,723259,194,1400,predicted,8.60000038146973,62,0.550000011920929,4,VR,90,650,0.990000009536743,0.879999995231628,6.40000009536743,21
Guyana,GUY,AMR,1992,723008,187,1300,predicted,7.5,54,0.689999997615814,5,VR,89,650,1.20000004768372,1.10000002384186,7.69999980926514,28
Guyana,GUY,AMR,1993,724014,179,1300,predicted,7.09999990463257,51,0.689999997615814,5,VR,88,640,1.39999997615814,1.20000004768372,8.80000019073486,14
Guyana,GUY,AMR,1994,725839,172,1300,predicted,7.30000019073486,53,0.689999997615814,5,VR,88,640,1.60000002384186,1.39999997615814,10,42
Guyana,GUY,AMR,1995,728136,167,1200,predicted,9.10000038146973,67,0.819999992847443,6,VR,88,640,2,1.79999995231628,13,46
Guyana,GUY,AMR,1996,730865,164,1200,predicted,15,110,1.20000004768372,9,VR,90,660,3,2.70000004768372,20,48
Guyana,GUY,AMR,1997,734059,161,1200,predicted,16,120,1.89999997615814,14,VR,93,680,4.59999990463257,4.19999980926514,31,60
Guyana,GUY,AMR,1998,737526,160,1200,predicted,16,120,2.70000004768372,20,VR,96,710,6.80000019073486,6.5,48,45
Guyana,GUY,AMR,1999,741046,158,1200,predicted,12,91,3.79999995231628,28,VR,100,740,9.5,9.39999961853027,70,55
Guyana,GUY,AMR,2000,744471,156,1200,predicted,13,99,4.80000019073486,36,VR imputed,103,770,12,13,95,55
Guyana,GUY,AMR,2001,747657,154,1200,predicted,14,110,5.80000019073486,43,VR,107,800,15,16,120,53
Guyana,GUY,AMR,2002,750629,152,1100,predicted,21,160,6.5,49,VR,110,830,18,20,150,71
Guyana,GUY,AMR,2003,753612,149,1100,predicted,19,140,6.80000019073486,51,VR,113,850,20,22,170,74
Guyana,GUY,AMR,2004,756939,148,1100,predicted,26,200,6.09999990463257,46,VR,115,870,20,23,170,70
Guyana,GUY,AMR,2005,760834,147,1100,predicted,16,120,5.09999990463257,39,VR,115,880,19,22,170,73
Guyana,GUY,AMR,2006,765367,142,1100,predicted,16,120,5.19999980926514,40,VR,115,880,21,24,190,80
Guyana,GUY,AMR,2007,770407,140,1100,predicted,16,120,4.40000009536743,34,VR,114,880,20,22,170,67
Guyana,GUY,AMR,2008,775739,132,1000,predicted,15,120,4.90000009536743,38,VR,113,880,23,25,200,75
Guyana,GUY,AMR,2009,781055,126,980,predicted,12,92,5.09999990463257,40,VR,112,870,25,28,220,88
Guyana,GUY,AMR,2010,786126,123,970,predicted,16,130,4.80000019073486,38,VR,110,870,25,28,220,82
Guyana,GUY,AMR,2011,790882,123,980,predicted,16,130,4.59999990463257,36,VR imputed,110,870,24,27,210,82
Guyana,GUY,AMR,2012,795369,125,990,predicted,16,130,4.09999990463257,33,VR imputed,109,870,23,25,200,86
Guyana,GUY,AMR,2013,799613,129,1000,predicted,16,130,3.79999995231628,30,VR imputed,109,870,21,23,180,78
Haiti,HTI,AMR,1990,7110116,352,25000,predicted,50,3500,20,1400,VR imputed,250,18000,21,53,3700,54
Haiti,HTI,AMR,1991,7255042,354,26000,predicted,55,4000,25,1800,VR imputed,249,18000,24,60,4300,57
Haiti,HTI,AMR,1992,7399862,351,26000,predicted,59,4400,29,2200,VR imputed,247,18000,27,65,4800,54
Haiti,HTI,AMR,1993,7544982,349,26000,predicted,62,4700,33,2500,VR imputed,245,18000,28,69,5200,54
Haiti,HTI,AMR,1994,7691001,348,27000,predicted,64,5000,35,2700,VR imputed,244,19000,29,71,5500,54
Haiti,HTI,AMR,1995,7838241,352,28000,predicted,66,5200,37,2900,VR imputed,245,19000,30,73,5700,32
Haiti,HTI,AMR,1996,7986858,357,29000,predicted,68,5400,37,3000,VR imputed,249,20000,30,74,5900,33
Haiti,HTI,AMR,1997,8136372,365,30000,predicted,69,5600,38,3100,Indirect,253,21000,30,76,6200,49
Haiti,HTI,AMR,1998,8285690,373,31000,predicted,70,5800,37,3100,VR imputed,259,21000,30,76,6300,46
Haiti,HTI,AMR,1999,8433339,379,32000,predicted,69,5800,37,3100,Indirect,265,22000,29,77,6500,41
Haiti,HTI,AMR,2000,8578234,383,33000,predicted,67,5700,36,3100,VR imputed,270,23000,28,76,6600,45
Haiti,HTI,AMR,2001,8720247,385,34000,predicted,65,5700,34,3000,Indirect,274,24000,28,76,6600,43
Haiti,HTI,AMR,2002,8859635,386,34000,predicted,64,5600,32,2900,Indirect,277,25000,27,74,6600,49
Haiti,HTI,AMR,2003,8996229,387,35000,predicted,61,5500,31,2800,Indirect,277,25000,26,72,6500,56
Haiti,HTI,AMR,2004,9129933,383,35000,predicted,59,5400,28,2600,VR,276,25000,25,70,6400,58
Haiti,HTI,AMR,2005,9260879,377,35000,predicted,56,5200,26,2400,VR imputed,272,25000,24,66,6200,57
Haiti,HTI,AMR,2006,9388642,368,35000,predicted,53,5000,23,2200,VR imputed,266,25000,23,62,5800,56
Haiti,HTI,AMR,2007,9513714,353,34000,predicted,49,4700,20,1900,VR imputed,257,24000,22,58,5500,58
Haiti,HTI,AMR,2008,9638255,335,32000,predicted,45,4300,18,1700,VR imputed,248,24000,22,55,5300,61
Haiti,HTI,AMR,2009,9765153,316,31000,predicted,40,3900,15,1500,VR imputed,238,23000,22,52,5100,54
Haiti,HTI,AMR,2010,9896400,296,29000,predicted,36,3600,14,1400,VR imputed,229,23000,22,50,5000,63
Haiti,HTI,AMR,2011,10032864,279,28000,predicted,32,3200,12,1300,VR imputed,220,22000,22,49,4900,69
Haiti,HTI,AMR,2012,10173775,265,27000,predicted,29,2900,10,1000,VR imputed,213,22000,21,46,4600,76
Haiti,HTI,AMR,2013,10317461,254,26000,predicted,26,2700,8.5,880,VR imputed,206,21000,21,43,4400,80
India,IND,SEA,1990,868890700,465,4000000,survey imputed,38,330000,0.0799999982118607,670,VR,217,1900000,0.140000000596046,0.310000002384186,2700,81
India,IND,SEA,1991,886348712,466,4100000,survey imputed,38,340000,0.140000000596046,1200,VR,216,1900000,0.230000004172325,0.490000009536743,4300,81
India,IND,SEA,1992,903749636,467,4200000,survey imputed,38,350000,0.25,2200,VR,216,2000000,0.360000014305115,0.779999971389771,7000,57
India,IND,SEA,1993,921107534,467,4300000,survey imputed,38,350000,0.430000007152557,3900,VR,216,2000000,0.569999992847443,1.20000004768372,11000,54
India,IND,SEA,1994,938452550,467,4400000,survey imputed,38,360000,0.709999978542328,6600,VR,216,2000000,0.879999995231628,1.89999997615814,18000,55
India,IND,SEA,1995,955804355,465,4400000,survey imputed,38,370000,1.10000002384186,11000,VR,216,2100000,1.29999995231628,2.79999995231628,27000,59
India,IND,SEA,1996,973147577,463,4500000,survey imputed,38,370000,1.70000004768372,16000,VR,217,2100000,1.89999997615814,4.09999990463257,39000,61
India,IND,SEA,1997,990460131,459,4600000,survey imputed,39,380000,2.29999995231628,23000,VR,217,2100000,2.5,5.5,55000,53
India,IND,SEA,1998,1007746556,454,4600000,survey imputed,39,390000,3.09999990463257,31000,VR,217,2200000,3.29999995231628,7.09999990463257,72000,50
India,IND,SEA,1999,1025014711,447,4600000,survey imputed,39,400000,3.79999995231628,39000,VR,217,2200000,4.09999990463257,8.80000019073486,90000,55
India,IND,SEA,2000,1042261758,438,4600000,survey imputed,39,400000,4.59999990463257,48000,VR,216,2300000,4.80000019073486,10,110000,49
India,IND,SEA,2001,1059500888,427,4500000,survey imputed,39,410000,5.19999980926514,56000,VR,216,2300000,5.5,12,130000,47
India,IND,SEA,2002,1076705723,414,4500000,survey imputed,39,410000,5.80000019073486,62000,VR,215,2300000,6,13,140000,46
India,IND,SEA,2003,1093786762,399,4400000,survey imputed,38,420000,6.09999990463257,67000,VR,214,2300000,6.40000009536743,14,150000,46
India,IND,SEA,2004,1110626108,383,4300000,survey imputed,37,410000,6.19999980926514,69000,VR,212,2400000,6.69999980926514,14,160000,48
India,IND,SEA,2005,1127143548,365,4100000,survey imputed,36,400000,6,68000,VR,209,2400000,6.69999980926514,14,160000,49
India,IND,SEA,2006,1143289350,347,4000000,survey imputed,34,390000,5.69999980926514,65000,VR,205,2300000,6.69999980926514,14,160000,52
India,IND,SEA,2007,1159095250,328,3800000,survey imputed,33,380000,5.09999990463257,60000,VR,201,2300000,6.5,13,150000,56
India,IND,SEA,2008,1174662334,308,3600000,survey imputed,31,360000,4.59999990463257,54000,VR,196,2300000,6.30000019073486,12,150000,58
India,IND,SEA,2009,1190138069,289,3400000,survey imputed,29,340000,4.09999990463257,49000,VR,191,2300000,6.19999980926514,12,140000,60
India,IND,SEA,2010,1205624648,269,3200000,pooled surveys,27,320000,3.70000004768372,45000,VR,185,2200000,6.09999990463257,11,140000,60
India,IND,SEA,2011,1221156319,249,3000000,survey imputed,24,300000,3.40000009536743,42000,VR,180,2200000,6,11,130000,60
India,IND,SEA,2012,1236686732,230,2800000,survey imputed,22,270000,3.09999990463257,39000,VR,176,2200000,5.80000019073486,10,130000,59
India,IND,SEA,2013,1252139596,211,2600000,survey imputed,19,240000,3,38000,VR imputed,171,2100000,5.69999980926514,9.69999980926514,120000,58
Kazakhstan,KAZ,EUR,1990,16171900,175,28000,predicted,13,2100,0.00999999977648258,1,VR,104,17000,0.0199999995529652,0.0199999995529652,3.59999990463257,65
Kazakhstan,KAZ,EUR,1991,16154660,262,42000,predicted,13,2200,0.0199999995529652,4,VR,140,23000,0.0399999991059303,0.0599999986588955,9.10000038146973,48
Kazakhstan,KAZ,EUR,1992,16070184,366,59000,predicted,15,2400,0.0700000002980232,11,VR,183,29000,0.0700000002980232,0.129999995231628,20,37
Kazakhstan,KAZ,EUR,1993,15929712,476,76000,predicted,17,2700,0.140000000596046,23,VR,231,37000,0.109999999403954,0.25,39,28
Kazakhstan,KAZ,EUR,1994,15750801,581,92000,predicted,23,3600,0.25,40,VR,278,44000,0.150000005960464,0.419999986886978,67,24
Kazakhstan,KAZ,EUR,1995,15549632,670,100000,predicted,33,5200,0.409999996423721,63,VR,319,50000,0.209999993443489,0.670000016689301,100,23
Kazakhstan,KAZ,EUR,1996,15326132,726,110000,predicted,45,6800,0.560000002384186,86,VR,349,53000,0.280000001192093,0.959999978542328,150,26
Kazakhstan,KAZ,EUR,1997,15085965,752,110000,predicted,47,7100,0.720000028610229,110,VR,369,56000,0.349999994039536,1.29999995231628,190,29
Kazakhstan,KAZ,EUR,1998,14858241,753,110000,predicted,50,7400,0.870000004768372,130,VR,378,56000,0.439999997615814,1.60000002384186,240,37
Kazakhstan,KAZ,EUR,1999,14679568,722,110000,predicted,38,5600,1,150,VR,375,55000,0.550000011920929,2.09999990463257,300,45
Kazakhstan,KAZ,EUR,2000,14575644,658,96000,predicted,33,4800,1.10000002384186,160,VR,362,53000,0.680000007152557,2.5,360,49
Kazakhstan,KAZ,EUR,2001,14559255,575,84000,predicted,30,4400,1.10000002384186,170,VR,338,49000,0.850000023841858,2.90000009536743,420,53
Kazakhstan,KAZ,EUR,2002,14623188,491,72000,predicted,31,4500,1.10000002384186,160,VR,307,45000,1,3.09999990463257,460,61
Kazakhstan,KAZ,EUR,2003,14747754,408,60000,predicted,29,4300,0.949999988079071,140,VR,275,41000,1.20000004768372,3.29999995231628,490,87
Kazakhstan,KAZ,EUR,2004,14902452,337,50000,predicted,27,4000,0.790000021457672,120,VR,246,37000,1.39999997615814,3.40000009536743,510,78
Kazakhstan,KAZ,EUR,2005,15064088,285,43000,predicted,28,4200,0.629999995231628,95,VR,223,34000,1.5,3.40000009536743,510,85
Kazakhstan,KAZ,EUR,2006,15227211,261,40000,predicted,24,3600,0.579999983310699,89,VR,210,32000,1.70000004768372,3.5,530,83
Kazakhstan,KAZ,EUR,2007,15396045,254,39000,predicted,21,3300,0.649999976158142,100,VR,203,31000,1.79999995231628,3.70000004768372,570,86
Kazakhstan,KAZ,EUR,2008,15568294,255,40000,predicted,20,3100,0.759999990463257,120,VR,199,31000,2,3.90000009536743,610,75
Kazakhstan,KAZ,EUR,2009,15743552,258,41000,predicted,16,2500,0.889999985694885,140,VR,194,31000,2.09999990463257,4.09999990463257,640,81
Kazakhstan,KAZ,EUR,2010,15921127,255,41000,predicted,13,2100,0.970000028610229,160,VR,187,30000,2.20000004768372,4.09999990463257,660,79
Kazakhstan,KAZ,EUR,2011,16097998,239,39000,predicted,12,1900,0.959999978542328,160,VR imputed,174,28000,2.40000009536743,4.09999990463257,660,90
Kazakhstan,KAZ,EUR,2012,16271201,216,35000,predicted,11,1800,0.850000023841858,140,VR,157,26000,2.5,3.90000009536743,640,70
Kazakhstan,KAZ,EUR,2013,16440586,190,31000,predicted,9.5,1600,0.680000007152557,110,VR imputed,139,23000,2.59999990463257,3.59999990463257,590,83
Lesotho,LSO,AFR,1990,1597534,548,8800,predicted,68,1100,3.59999990463257,57,Indirect,306,4900,2.70000004768372,8.19999980926514,130,52
Lesotho,LSO,AFR,1991,1627900,524,8500,predicted,62,1000,7.09999990463257,120,Indirect,317,5200,5.69999980926514,18,290,58
Lesotho,LSO,AFR,1992,1660360,505,8400,predicted,56,940,13,220,Indirect,333,5500,11,36,600,60
Lesotho,LSO,AFR,1993,1693459,497,8400,predicted,53,890,23,390,Indirect,362,6100,19,67,1100,55
Lesotho,LSO,AFR,1994,1725118,508,8800,predicted,51,890,39,680,Indirect,406,7000,29,114,2000,62
Lesotho,LSO,AFR,1995,1753824,536,9400,predicted,53,930,64,1100,Indirect,471,8300,39,181,3200,63
Lesotho,LSO,AFR,1996,1779197,581,10000,predicted,57,1000,101,1800,Indirect,558,9900,49,268,4800,56
Lesotho,LSO,AFR,1997,1801679,630,11000,predicted,62,1100,149,2700,Indirect,662,12000,56,370,6700,54
Lesotho,LSO,AFR,1998,1821609,678,12000,predicted,66,1200,203,3700,Indirect,775,14000,63,481,8800,55
Lesotho,LSO,AFR,1999,1839611,716,13000,predicted,68,1300,259,4800,Indirect,887,16000,67,592,11000,52
Lesotho,LSO,AFR,2000,1856225,757,14000,predicted,71,1300,311,5800,Indirect,992,18000,71,695,13000,53
Lesotho,LSO,AFR,2001,1871500,791,15000,predicted,72,1400,354,6600,Indirect,1084,20000,73,783,15000,35
Lesotho,LSO,AFR,2002,1885487,822,15000,predicted,74,1400,386,7300,Indirect,1160,22000,74,852,16000,46
Lesotho,LSO,AFR,2003,1898757,851,16000,predicted,76,1400,407,7700,Indirect,1218,23000,75,902,17000,56
Lesotho,LSO,AFR,2004,1912022,873,17000,predicted,77,1500,420,8000,Indirect,1259,24000,75,938,18000,47
Lesotho,LSO,AFR,2005,1925844,876,17000,predicted,76,1500,420,8100,Indirect,1279,25000,75,958,18000,44
Lesotho,LSO,AFR,2006,1940413,874,17000,predicted,75,1400,409,7900,Indirect,1278,25000,76,959,19000,50
Lesotho,LSO,AFR,2007,1955784,841,16000,predicted,69,1400,393,7700,Indirect,1259,25000,77,958,19000,54
Lesotho,LSO,AFR,2008,1972199,830,16000,predicted,69,1400,364,7200,Indirect,1225,24000,76,923,18000,50
Lesotho,LSO,AFR,2009,1989873,786,16000,predicted,63,1300,337,6700,Indirect,1177,23000,77,895,18000,52
Lesotho,LSO,AFR,2010,2008921,776,16000,predicted,63,1300,302,6100,Indirect,1119,22000,75,832,17000,52
Lesotho,LSO,AFR,2011,2029516,744,15000,predicted,61,1200,278,5600,Indirect,1054,21000,74,775,16000,54
Lesotho,LSO,AFR,2012,2051545,678,14000,predicted,53,1100,262,5400,Indirect,985,20000,76,739,15000,53
Lesotho,LSO,AFR,2013,2074465,613,13000,predicted,46,960,250,5200,Indirect,916,19000,79,703,15000,50
Myanmar,MMR,SEA,1990,42123003,894,380000,survey imputed,154,65000,1.60000002384186,690,Indirect,395,170000,0.579999983310699,2.29999995231628,970,7.5
Myanmar,MMR,SEA,1991,42782387,894,380000,survey imputed,154,66000,2.79999995231628,1200,Indirect,396,170000,0.980000019073486,3.90000009536743,1700,8.80000019073486
Myanmar,MMR,SEA,1992,43422423,890,390000,survey imputed,154,67000,4.30000019073486,1900,Indirect,397,170000,1.5,6,2600,9.89999961853027
Myanmar,MMR,SEA,1993,44052710,889,390000,survey imputed,155,68000,6.30000019073486,2800,Indirect,399,180000,2.20000004768372,8.69999980926514,3800,11
Myanmar,MMR,SEA,1994,44686091,887,400000,survey imputed,155,69000,8.60000038146973,3900,Indirect,402,180000,3,12,5300,8.69999980926514
Myanmar,MMR,SEA,1995,45329862,881,400000,survey imputed,154,70000,11,5100,Indirect,404,180000,3.79999995231628,15,7000,9.89999961853027
Myanmar,MMR,SEA,1996,45991828,876,400000,survey imputed,153,71000,14,6300,Indirect,407,190000,4.69999980926514,19,8800,12
Myanmar,MMR,SEA,1997,46664455,872,410000,survey imputed,151,71000,16,7600,Indirect,409,190000,5.59999990463257,23,11000,9
Myanmar,MMR,SEA,1998,47321204,864,410000,survey imputed,148,70000,19,8800,Indirect,410,190000,6.5,27,13000,7.59999990463257
Myanmar,MMR,SEA,1999,47925630,857,410000,survey imputed,143,68000,21,9900,Indirect,411,200000,7.40000009536743,30,14000,10
Myanmar,MMR,SEA,2000,48453000,831,400000,survey imputed,135,66000,22,11000,Indirect,411,200000,8.19999980926514,34,16000,15
Myanmar,MMR,SEA,2001,48894203,794,390000,survey imputed,126,61000,23,11000,Indirect,411,200000,8.89999961853027,37,18000,21
Myanmar,MMR,SEA,2002,49261313,760,370000,survey imputed,115,56000,23,11000,Indirect,410,200000,9.60000038146973,39,19000,28
Myanmar,MMR,SEA,2003,49577152,718,360000,survey imputed,103,51000,22,11000,Indirect,408,200000,10,42,21000,37
Myanmar,MMR,SEA,2004,49875169,677,340000,survey imputed,92,46000,21,10000,Indirect,406,200000,11,43,22000,48
Myanmar,MMR,SEA,2005,50181020,647,320000,survey imputed,82,41000,19,9500,Indirect,403,200000,11,44,22000,53
Myanmar,MMR,SEA,2006,50500070,616,310000,survey imputed,73,37000,17,8700,Indirect,400,200000,11,44,22000,61
Myanmar,MMR,SEA,2007,50828959,589,300000,survey imputed,67,34000,16,7900,Indirect,396,200000,11,44,22000,64
Myanmar,MMR,SEA,2008,51174018,564,290000,survey imputed,61,31000,14,7200,Indirect,392,200000,11,43,22000,62
Myanmar,MMR,SEA,2009,51540490,544,280000,survey,57,30000,13,6600,Indirect,388,200000,11,42,21000,64
Myanmar,MMR,SEA,2010,51931231,525,270000,survey imputed,54,28000,12,6000,Indirect,384,200000,10,40,21000,66
Myanmar,MMR,SEA,2011,52350763,506,260000,survey imputed,52,27000,10,5400,Indirect,380,200000,9.89999961853027,38,20000,69
Myanmar,MMR,SEA,2012,52797319,489,260000,survey imputed,50,27000,9.19999980926514,4800,Indirect,376,200000,9.39999961853027,35,19000,71
Myanmar,MMR,SEA,2013,53259018,473,250000,survey imputed,49,26000,8,4300,Indirect,373,200000,8.80000019073486,33,17000,68
Namibia,NAM,AFR,1990,1415447,818,12000,predicted,116,1600,8.30000019073486,120,Indirect,404,5700,3.70000004768372,15,210,47
Namibia,NAM,AFR,1991,1466152,701,10000,predicted,92,1400,12,170,Indirect,387,5700,6.40000009536743,25,360,44
Namibia,NAM,AFR,1992,1513689,592,9000,predicted,68,1000,15,230,Indirect,375,5700,10,39,590,31
Namibia,NAM,AFR,1993,1559480,539,8400,predicted,53,830,20,310,Indirect,389,6100,16,62,960,91
Namibia,NAM,AFR,1994,1605828,571,9200,predicted,52,830,28,460,Indirect,445,7100,22,97,1600,52
Namibia,NAM,AFR,1995,1654214,704,12000,predicted,67,1100,49,810,Indirect,557,9200,27,151,2500,17
Namibia,NAM,AFR,1996,1705309,923,16000,predicted,98,1700,89,1500,Indirect,732,12000,32,236,4000,77
Namibia,NAM,AFR,1997,1757969,1166,20000,predicted,132,2300,150,2600,Indirect,942,17000,38,353,6200,60
Namibia,NAM,AFR,1998,1809719,1371,25000,predicted,161,2900,228,4100,Indirect,1158,21000,43,497,9000,53
Namibia,NAM,AFR,1999,1857149,1510,28000,predicted,180,3300,315,5900,Indirect,1356,25000,48,656,12000,40
Namibia,NAM,AFR,2000,1897953,1578,30000,predicted,187,3500,395,7500,Indirect,1514,29000,53,804,15000,38
Namibia,NAM,AFR,2001,1931282,1589,31000,predicted,185,3600,452,8700,Indirect,1615,31000,57,916,18000,42
Namibia,NAM,AFR,2002,1958303,1565,31000,predicted,178,3500,481,9400,Indirect,1662,33000,59,985,19000,41
Namibia,NAM,AFR,2003,1981237,1521,30000,predicted,169,3300,480,9500,Indirect,1660,33000,61,1004,20000,44
Namibia,NAM,AFR,2004,2003320,1463,29000,predicted,159,3200,452,9100,Indirect,1611,32000,61,977,20000,47
Namibia,NAM,AFR,2005,2027026,1389,28000,predicted,147,3000,399,8100,Indirect,1518,31000,60,909,18000,48
Namibia,NAM,AFR,2006,2052931,1292,27000,predicted,133,2700,326,6700,Indirect,1389,29000,58,807,17000,51
Namibia,NAM,AFR,2007,2080700,1166,24000,predicted,116,2400,256,5300,Indirect,1238,26000,57,699,15000,54
Namibia,NAM,AFR,2008,2110791,994,21000,predicted,93,2000,201,4200,Indirect,1083,23000,57,613,13000,59
Namibia,NAM,AFR,2009,2143498,841,18000,predicted,73,1600,157,3400,Indirect,939,20000,57,535,11000,60
Namibia,NAM,AFR,2010,2178967,719,16000,predicted,58,1300,125,2700,Indirect,820,18000,58,472,10000,63
Namibia,NAM,AFR,2011,2217618,658,15000,predicted,53,1200,104,2300,Indirect,736,16000,56,410,9100,66
Namibia,NAM,AFR,2012,2259393,653,15000,predicted,55,1200,90,2000,Indirect,683,15000,52,354,8000,65
Namibia,NAM,AFR,2013,2303315,651,15000,predicted,57,1300,90,2100,Indirect,651,15000,51,333,7700,64
Pakistan,PAK,EMR,1990,111090879,509,570000,survey imputed,69,77000,0.00999999977648258,10,Indirect,277,310000,0.00999999977648258,0.0199999995529652,25,51
Pakistan,PAK,EMR,1991,114229172,507,580000,survey imputed,69,79000,0.00999999977648258,15,Indirect,275,310000,0.00999999977648258,0.0299999993294477,32,62
Pakistan,PAK,EMR,1992,117291344,507,590000,survey imputed,69,81000,0.0199999995529652,21,Indirect,275,320000,0.00999999977648258,0.0299999993294477,39,33
Pakistan,PAK,EMR,1993,120336722,509,610000,survey imputed,69,83000,0.0199999995529652,29,Indirect,275,330000,0.0199999995529652,0.0399999991059303,48,22
Pakistan,PAK,EMR,1994,123450933,509,630000,survey imputed,69,85000,0.0299999993294477,39,Indirect,275,340000,0.0199999995529652,0.0500000007450581,59,33
Pakistan,PAK,EMR,1995,126689577,508,640000,survey imputed,69,88000,0.0399999991059303,51,Indirect,276,350000,0.0199999995529652,0.0599999986588955,73,3.79999995231628
Pakistan,PAK,EMR,1996,130083700,509,660000,survey imputed,69,90000,0.0500000007450581,65,Indirect,276,360000,0.0299999993294477,0.0700000002980232,90,1.20000004768372
Pakistan,PAK,EMR,1997,133597492,507,680000,survey imputed,69,93000,0.0599999986588955,82,Indirect,276,370000,0.0299999993294477,0.0799999982118607,110,33
Pakistan,PAK,EMR,1998,137139290,503,690000,survey imputed,69,95000,0.0700000002980232,100,Indirect,276,380000,0.0399999991059303,0.100000001490116,140,24
Pakistan,PAK,EMR,1999,140580398,499,700000,survey imputed,69,97000,0.0900000035762787,120,Indirect,275,390000,0.0399999991059303,0.119999997317791,170,5.40000009536743
Pakistan,PAK,EMR,2000,143832014,492,710000,survey imputed,69,100000,0.100000001490116,150,Indirect,275,400000,0.0500000007450581,0.140000000596046,200,2.79999995231628
Pakistan,PAK,EMR,2001,146857081,484,710000,survey imputed,70,100000,0.119999997317791,180,Indirect,275,400000,0.0599999986588955,0.170000001788139,250,5.09999990463257
Pakistan,PAK,EMR,2002,149693684,470,700000,survey imputed,70,110000,0.140000000596046,200,Indirect,275,410000,0.0700000002980232,0.200000002980232,300,12
Pakistan,PAK,EMR,2003,152419974,452,690000,survey imputed,70,110000,0.150000005960464,230,Indirect,276,420000,0.0900000035762787,0.239999994635582,370,17
Pakistan,PAK,EMR,2004,155151394,436,680000,survey imputed,69,110000,0.170000001788139,270,Indirect,276,430000,0.109999999403954,0.28999999165535,450,22
Pakistan,PAK,EMR,2005,157971415,418,660000,survey imputed,64,100000,0.189999997615814,300,Indirect,276,440000,0.129999995231628,0.349999994039536,550,33
Pakistan,PAK,EMR,2006,160905794,400,640000,survey imputed,59,95000,0.219999998807907,350,Indirect,276,440000,0.150000005960464,0.419999986886978,680,40
Pakistan,PAK,EMR,2007,163928329,383,630000,survey imputed,51,84000,0.230000004172325,390,Indirect,276,450000,0.180000007152557,0.509999990463257,830,51
Pakistan,PAK,EMR,2008,167008083,372,620000,survey imputed,44,74000,0.259999990463257,430,Indirect,276,460000,0.219999998807907,0.600000023841858,1000,53
Pakistan,PAK,EMR,2009,170093999,361,610000,survey imputed,38,65000,0.280000001192093,480,Indirect,276,470000,0.259999990463257,0.709999978542328,1200,56
Pakistan,PAK,EMR,2010,173149306,352,610000,survey imputed,33,58000,0.319999992847443,560,Indirect,276,480000,0.310000002384186,0.850000023841858,1500,55
Pakistan,PAK,EMR,2011,176166353,348,610000,survey,30,53000,0.370000004768372,650,Indirect,276,490000,0.370000004768372,1,1800,55
Pakistan,PAK,EMR,2012,179160111,344,620000,survey imputed,28,50000,0.439999997615814,790,Indirect,276,490000,0.439999997615814,1.20000004768372,2100,54
Pakistan,PAK,EMR,2013,182142594,342,620000,survey imputed,27,49000,0.529999971389771,970,Indirect,275,500000,0.529999971389771,1.39999997615814,2600,58
Papua New Guinea,PNG,WPR,1990,4157903,694,29000,predicted,105,4400,0.379999995231628,16,Indirect,309,13000,0.209999993443489,0.629999995231628,26,19
Papua New Guinea,PNG,WPR,1991,4261797,665,28000,predicted,101,4300,0.589999973773956,25,Indirect,308,13000,0.319999992847443,0.970000028610229,41,26
Papua New Guinea,PNG,WPR,1992,4369087,639,28000,predicted,96,4200,0.850000023841858,37,Indirect,309,14000,0.479999989271164,1.5,65,19
Papua New Guinea,PNG,WPR,1993,4480243,619,28000,predicted,91,4100,1.20000004768372,54,Indirect,312,14000,0.720000028610229,2.20000004768372,100,53
Papua New Guinea,PNG,WPR,1994,4595761,603,28000,predicted,86,3900,1.70000004768372,76,Indirect,316,15000,1,3.20000004768372,150,37
Papua New Guinea,PNG,WPR,1995,4715929,592,28000,predicted,81,3800,2.20000004768372,100,Indirect,321,15000,1.39999997615814,4.59999990463257,220,53
Papua New Guinea,PNG,WPR,1996,4841020,581,28000,predicted,76,3700,2.79999995231628,140,Indirect,326,16000,1.89999997615814,6.30000019073486,310,20
Papua New Guinea,PNG,WPR,1997,4970823,573,28000,predicted,71,3500,3.5,170,Indirect,332,17000,2.5,8.39999961853027,420,48
Papua New Guinea,PNG,WPR,1998,5104516,567,29000,predicted,67,3400,4.19999980926514,220,Indirect,338,17000,3.20000004768372,11,550,65
Papua New Guinea,PNG,WPR,1999,5240941,562,29000,predicted,64,3400,5.09999990463257,270,Indirect,344,18000,4,14,710,72
Papua New Guinea,PNG,WPR,2000,5379226,556,30000,predicted,62,3400,6,320,Indirect,349,19000,4.80000019073486,17,890,56
Papua New Guinea,PNG,WPR,2001,5518971,550,30000,predicted,62,3400,7.19999980926514,400,Indirect,352,19000,5.69999980926514,20,1100,65
Papua New Guinea,PNG,WPR,2002,5660267,548,31000,predicted,62,3500,8.60000038146973,480,Indirect,355,20000,6.69999980926514,24,1300,56
Papua New Guinea,PNG,WPR,2003,5803302,550,32000,predicted,62,3600,10,580,Indirect,356,21000,7.69999980926514,27,1600,62
Papua New Guinea,PNG,WPR,2004,5948461,550,33000,predicted,63,3700,11,680,Indirect,356,21000,8.69999980926514,31,1800,60
Papua New Guinea,PNG,WPR,2005,6095959,548,33000,predicted,63,3800,12,750,Indirect,355,22000,9.39999961853027,33,2000,58
Papua New Guinea,PNG,WPR,2006,6245797,548,34000,predicted,62,3900,13,780,Indirect,353,22000,9.80000019073486,34,2100,57
Papua New Guinea,PNG,WPR,2007,6397623,543,35000,predicted,61,3900,12,740,Indirect,351,22000,9.69999980926514,34,2200,67
Papua New Guinea,PNG,WPR,2008,6550877,531,35000,predicted,59,3900,11,700,Indirect,348,23000,9.5,33,2200,61
Papua New Guinea,PNG,WPR,2009,6704829,514,34000,predicted,56,3800,10,680,Indirect,346,23000,9.80000019073486,34,2300,53
Papua New Guinea,PNG,WPR,2010,6858945,498,34000,predicted,51,3500,9.89999961853027,680,Indirect,346,24000,10,35,2400,61
Papua New Guinea,PNG,WPR,2011,7012977,480,34000,predicted,46,3200,8.69999980926514,610,Indirect,346,24000,10,35,2400,61
Papua New Guinea,PNG,WPR,2012,7167010,461,33000,predicted,40,2800,7.09999990463257,510,Indirect,347,25000,9.80000019073486,33,2400,83
Papua New Guinea,PNG,WPR,2013,7321262,437,32000,predicted,33,2400,5.40000009536743,390,Indirect,347,25000,9.19999980926514,32,2300,89
Peru,PER,AMR,1990,21772035,336,73000,predicted,34,7500,1.5,320,VR,246,53000,2.5,6.19999980926514,1300,71
Peru,PER,AMR,1991,22213359,334,74000,predicted,29,6400,1.70000004768372,370,VR,247,55000,3,7.40000009536743,1700,74
Peru,PER,AMR,1992,22649612,332,75000,predicted,30,6800,1.89999997615814,430,VR,248,56000,3.59999990463257,8.80000019073486,2000,94
Peru,PER,AMR,1993,23081735,330,76000,predicted,28,6400,2.20000004768372,510,VR imputed,247,57000,4.09999990463257,10,2300,91
Peru,PER,AMR,1994,23511358,326,77000,predicted,26,6100,2.5,590,VR,244,57000,4.69999980926514,12,2700,85
Peru,PER,AMR,1995,23939261,316,76000,predicted,26,6200,2.79999995231628,660,VR,239,57000,5.30000019073486,13,3000,79
Peru,PER,AMR,1996,24365985,304,74000,predicted,21,5100,3,720,VR,230,56000,5.90000009536743,13,3300,74
Peru,PER,AMR,1997,24789855,292,72000,predicted,19,4600,3.09999990463257,770,VR,219,54000,6.30000019073486,14,3400,77
Peru,PER,AMR,1998,25206817,273,69000,predicted,17,4400,3.09999990463257,790,VR,208,52000,6.69999980926514,14,3500,84
Peru,PER,AMR,1999,25611482,257,66000,predicted,12,3000,3.09999990463257,800,VR,196,50000,7.09999990463257,14,3500,80
Peru,PER,AMR,2000,26000080,243,63000,predicted,14,3700,3,790,VR,185,48000,7.30000019073486,13,3500,80
Peru,PER,AMR,2001,26372358,230,61000,predicted,12,3100,3,780,VR,175,46000,7.40000009536743,13,3400,80
Peru,PER,AMR,2002,26729909,219,59000,predicted,11,2900,2.79999995231628,750,VR,167,45000,7.40000009536743,12,3300,81
Peru,PER,AMR,2003,27073334,211,57000,predicted,11,2800,2.59999990463257,710,VR,161,44000,7.19999980926514,12,3100,74
Peru,PER,AMR,2004,27403845,203,56000,predicted,9.80000019073486,2700,2.5,680,VR,155,42000,7.19999980926514,11,3000,79
Peru,PER,AMR,2005,27723281,197,55000,predicted,9.69999980926514,2700,2.40000009536743,650,VR,150,42000,7.09999990463257,11,3000,81
Peru,PER,AMR,2006,28030688,191,54000,predicted,8.60000038146973,2400,2.09999990463257,590,VR,146,41000,6.80000019073486,9.89999961853027,2800,84
Peru,PER,AMR,2007,28328410,187,53000,predicted,7.90000009536743,2200,1.89999997615814,550,VR,142,40000,6.69999980926514,9.39999961853027,2700,81
Peru,PER,AMR,2008,28625628,182,52000,predicted,7.80000019073486,2200,1.79999995231628,510,VR,138,40000,6.5,9,2600,81
Peru,PER,AMR,2009,28934303,178,52000,predicted,8.5,2500,1.60000002384186,470,VR,135,39000,6.40000009536743,8.60000038146973,2500,81
Peru,PER,AMR,2010,29262830,174,51000,predicted,8.5,2500,1.5,440,VR,132,39000,6.19999980926514,8.10000038146973,2400,80
Peru,PER,AMR,2011,29614887,171,51000,predicted,8,2400,1.5,450,VR imputed,129,38000,6.30000019073486,8.10000038146973,2400,82
Peru,PER,AMR,2012,29987800,167,50000,predicted,7.80000019073486,2400,1.5,450,VR imputed,127,38000,6.30000019073486,8,2400,78
Peru,PER,AMR,2013,30375603,164,50000,predicted,7.69999980926514,2300,1.39999997615814,420,VR imputed,124,38000,6.09999990463257,7.5,2300,79
Somalia,SOM,EMR,1990,6321615,670,42000,predicted,117,7400,0.660000026226044,42,Indirect,286,18000,0.319999992847443,0.899999976158142,57,34
Somalia,SOM,EMR,1991,6319531,665,42000,predicted,114,7200,1,65,Indirect,285,18000,0.5,1.39999997615814,88,34
Somalia,SOM,EMR,1992,6294017,662,42000,predicted,112,7100,1.5,94,Indirect,285,18000,0.730000019073486,2.09999990463257,130,34
Somalia,SOM,EMR,1993,6269244,657,41000,predicted,110,6900,2.09999990463257,130,Indirect,285,18000,1,2.90000009536743,180,34
Somalia,SOM,EMR,1994,6278911,652,41000,predicted,107,6700,2.70000004768372,170,Indirect,286,18000,1.29999995231628,3.79999995231628,240,11
Somalia,SOM,EMR,1995,6346440,645,41000,predicted,104,6600,3.29999995231628,210,Indirect,286,18000,1.70000004768372,4.80000019073486,310,14
Somalia,SOM,EMR,1996,6481035,633,41000,predicted,101,6500,3.90000009536743,250,Indirect,286,19000,2.09999990463257,5.90000009536743,380,21
Somalia,SOM,EMR,1997,6673254,623,42000,predicted,97,6500,4.40000009536743,290,Indirect,286,19000,2.40000009536743,6.80000019073486,460,23
Somalia,SOM,EMR,1998,6904978,609,42000,predicted,94,6500,4.80000019073486,330,Indirect,285,20000,2.70000004768372,7.69999980926514,530,22
Somalia,SOM,EMR,1999,7149044,593,42000,predicted,90,6400,5.09999990463257,370,Indirect,285,20000,3,8.5,610,24
Somalia,SOM,EMR,2000,7385416,578,43000,predicted,86,6300,5.19999980926514,380,Indirect,285,21000,3.20000004768372,9,670,27
Somalia,SOM,EMR,2001,7609265,564,43000,predicted,81,6200,5.09999990463257,390,Indirect,285,22000,3.29999995231628,9.39999961853027,710,32
Somalia,SOM,EMR,2002,7825924,549,43000,predicted,77,6000,5,390,Indirect,285,22000,3.40000009536743,9.60000038146973,750,33
Somalia,SOM,EMR,2003,8037706,532,43000,predicted,73,5900,4.80000019073486,390,Indirect,285,23000,3.40000009536743,9.69999980926514,780,40
Somalia,SOM,EMR,2004,8249965,521,43000,predicted,70,5800,4.59999990463257,380,Indirect,285,24000,3.40000009536743,9.69999980926514,800,50
Somalia,SOM,EMR,2005,8466938,513,43000,predicted,68,5800,4.5,380,Indirect,285,24000,3.40000009536743,9.60000038146973,810,53
Somalia,SOM,EMR,2006,8687671,512,45000,predicted,67,5900,4.30000019073486,380,Indirect,285,25000,3.29999995231628,9.39999961853027,820,48
Somalia,SOM,EMR,2007,8910851,511,46000,predicted,68,6000,4.30000019073486,380,Indirect,285,25000,3.29999995231628,9.30000019073486,830,44
Somalia,SOM,EMR,2008,9140259,513,47000,predicted,69,6300,4.19999980926514,390,Indirect,286,26000,3.20000004768372,9.10000038146973,830,48
Somalia,SOM,EMR,2009,9380854,517,48000,predicted,71,6600,4.19999980926514,400,Indirect,286,27000,3.09999990463257,8.89999961853027,840,41
Somalia,SOM,EMR,2010,9636173,523,50000,predicted,72,6900,4.19999980926514,400,Indirect,286,28000,3.09999990463257,8.69999980926514,840,37
Somalia,SOM,EMR,2011,9907903,531,53000,predicted,73,7200,4.09999990463257,410,Indirect,286,28000,3,8.60000038146973,850,41
Somalia,SOM,EMR,2012,10195134,538,55000,predicted,74,7500,4.09999990463257,420,Indirect,286,29000,3,8.39999961853027,860,41
Somalia,SOM,EMR,2013,10495583,548,57000,predicted,74,7700,4,430,Indirect,285,30000,2.90000009536743,8.30000019073486,870,43
Swaziland,SWZ,AFR,1990,862728,437,3800,predicted,60,510,5.69999980926514,49,Indirect,275,2400,4.90000009536743,13,110,61
Swaziland,SWZ,AFR,1991,887248,407,3600,predicted,52,460,10,92,Indirect,266,2400,9.60000038146973,25,220,65
Swaziland,SWZ,AFR,1992,907947,362,3300,predicted,43,390,17,150,Indirect,259,2400,17,44,400,61
Swaziland,SWZ,AFR,1993,926224,324,3000,predicted,34,320,25,230,Indirect,262,2400,27,71,650,60
Swaziland,SWZ,AFR,1994,944223,308,2900,predicted,29,270,35,330,Indirect,282,2700,38,106,1000,61
Swaziland,SWZ,AFR,1995,963428,324,3100,predicted,28,270,49,470,Indirect,326,3100,47,154,1500,65
Swaziland,SWZ,AFR,1996,984506,370,3600,predicted,31,300,70,690,Indirect,399,3900,54,215,2100,60
Swaziland,SWZ,AFR,1997,1006760,429,4300,predicted,35,350,99,1000,Indirect,492,4900,59,292,2900,61
Swaziland,SWZ,AFR,1998,1028694,485,5000,predicted,38,390,133,1400,Indirect,595,6100,64,382,3900,60
Swaziland,SWZ,AFR,1999,1048151,529,5500,predicted,40,420,170,1800,Indirect,700,7300,69,482,5000,57
Swaziland,SWZ,AFR,2000,1063715,561,6000,predicted,39,420,205,2200,Indirect,802,8500,73,584,6200,69
Swaziland,SWZ,AFR,2001,1074761,590,6300,predicted,38,410,233,2500,Indirect,894,9600,76,680,7300,64
Swaziland,SWZ,AFR,2002,1082183,619,6700,predicted,37,400,253,2700,Indirect,977,11000,78,764,8300,64
Swaziland,SWZ,AFR,2003,1087929,644,7000,predicted,35,380,269,2900,Indirect,1049,11000,80,837,9100,68
Swaziland,SWZ,AFR,2004,1094758,670,7300,predicted,35,380,278,3000,Indirect,1110,12000,81,896,9800,66
Swaziland,SWZ,AFR,2005,1104642,701,7700,predicted,36,400,279,3100,Indirect,1157,13000,81,932,10000,68
Swaziland,SWZ,AFR,2006,1118253,737,8200,predicted,39,440,273,3100,Indirect,1190,13000,79,945,11000,68
Swaziland,SWZ,AFR,2007,1134977,760,8600,predicted,42,470,272,3100,Indirect,1214,14000,79,957,11000,64
Swaziland,SWZ,AFR,2008,1153929,751,8700,predicted,41,480,284,3300,Indirect,1234,14000,80,990,11000,61
Swaziland,SWZ,AFR,2009,1173678,738,8700,predicted,42,490,302,3500,Indirect,1254,15000,82,1024,12000,68
Swaziland,SWZ,AFR,2010,1193148,724,8600,predicted,43,510,332,4000,Indirect,1279,15000,83,1063,13000,66
Swaziland,SWZ,AFR,2011,1212159,825,10000,predicted,62,750,339,4100,Indirect,1311,16000,78,1028,12000,52
Swaziland,SWZ,AFR,2012,1230985,911,11000,predicted,80,990,355,4400,Indirect,1347,17000,76,1015,12000,43
Swaziland,SWZ,AFR,2013,1249514,945,12000,predicted,91,1100,400,5000,Indirect,1382,17000,75,1038,13000,38
Philippines,PHL,WPR,1990,61948688,1003,620000,survey imputed,55,34000,0,1,VR imputed,441,270000,0,0.00999999977648258,8.5,120
Philippines,PHL,WPR,1991,63476449,987,630000,survey imputed,54,34000,0,2,VR imputed,433,270000,0,0.0199999995529652,12,75
Philippines,PHL,WPR,1992,64996507,968,630000,survey imputed,52,34000,0.00999999977648258,4,VR,425,280000,0.00999999977648258,0.0299999993294477,17,85
Philippines,PHL,WPR,1993,66517085,948,630000,survey imputed,52,34000,0.00999999977648258,6,VR,418,280000,0.00999999977648258,0.0299999993294477,22,64
Philippines,PHL,WPR,1994,68050807,927,630000,survey imputed,51,35000,0.00999999977648258,10,VR,410,280000,0.00999999977648258,0.0399999991059303,29,64
Philippines,PHL,WPR,1995,69606539,904,630000,survey imputed,50,35000,0.0199999995529652,14,VR,403,280000,0.00999999977648258,0.0500000007450581,38,42
Philippines,PHL,WPR,1996,71184718,880,630000,survey imputed,48,34000,0.0299999993294477,19,VR,396,280000,0.0199999995529652,0.0700000002980232,49,59
Philippines,PHL,WPR,1997,72780928,855,620000,survey,42,31000,0.0299999993294477,25,VR,389,280000,0.0199999995529652,0.0799999982118607,61,69
Philippines,PHL,WPR,1998,74393147,829,620000,survey imputed,43,32000,0.0399999991059303,32,VR,382,280000,0.0299999993294477,0.100000001490116,74,57
Philippines,PHL,WPR,1999,76018006,803,610000,survey imputed,45,34000,0.0500000007450581,40,VR,375,290000,0.0299999993294477,0.119999997317791,89,51
Philippines,PHL,WPR,2000,77651848,775,600000,survey imputed,40,31000,0.0599999986588955,48,VR,368,290000,0.0399999991059303,0.140000000596046,110,42
Philippines,PHL,WPR,2001,79297756,748,590000,survey imputed,39,31000,0.0700000002980232,57,VR,362,290000,0.0399999991059303,0.159999996423721,120,37
Philippines,PHL,WPR,2002,80953652,719,580000,survey imputed,40,32000,0.0799999982118607,67,VR,355,290000,0.0500000007450581,0.170000001788139,140,41
Philippines,PHL,WPR,2003,82604681,691,570000,survey imputed,38,31000,0.0900000035762787,76,VR,349,290000,0.0599999986588955,0.189999997615814,160,46
Philippines,PHL,WPR,2004,84231329,662,560000,survey imputed,36,31000,0.100000001490116,84,VR imputed,343,290000,0.0599999986588955,0.209999993443489,180,45
Philippines,PHL,WPR,2005,85821214,633,540000,survey imputed,35,30000,0.100000001490116,89,VR imputed,337,290000,0.0700000002980232,0.219999998807907,190,47
Philippines,PHL,WPR,2006,87366573,605,530000,survey imputed,34,30000,0.100000001490116,89,VR imputed,331,290000,0.0700000002980232,0.230000004172325,200,51
Philippines,PHL,WPR,2007,88875548,576,510000,survey,33,29000,0.100000001490116,86,VR imputed,325,290000,0.0700000002980232,0.239999994635582,210,49
Philippines,PHL,WPR,2008,90371287,548,490000,survey imputed,31,28000,0.0900000035762787,83,VR,319,290000,0.0799999982118607,0.25,220,48
Philippines,PHL,WPR,2009,91886400,520,480000,survey imputed,31,28000,0.0900000035762787,80,VR imputed,314,290000,0.0799999982118607,0.25,230,51
Philippines,PHL,WPR,2010,93444322,502,470000,survey imputed,30,28000,0.100000001490116,92,VR imputed,308,290000,0.100000001490116,0.310000002384186,290,58
Philippines,PHL,WPR,2011,95053437,484,460000,survey imputed,29,27000,0.0900000035762787,90,VR imputed,303,290000,0.109999999403954,0.349999994039536,330,68
Philippines,PHL,WPR,2012,96706764,461,450000,survey imputed,28,27000,0.0700000002980232,70,VR imputed,297,290000,0.109999999403954,0.319999992847443,310,75
Philippines,PHL,WPR,2013,98393574,438,430000,survey imputed,27,27000,0.0599999986588955,58,VR imputed,292,290000,0.109999999403954,0.319999992847443,310,80
Russian Federation,RUS,EUR,1990,148148752,88,130000,predicted,8.19999980926514,12000,0.0399999991059303,65,VR,50,73000,0.239999994635582,0.119999997317791,180,69
Russian Federation,RUS,EUR,1991,148577986,96,140000,predicted,8.5,13000,0.0700000002980232,99,VR,57,85000,0.319999992847443,0.180000007152557,270,59
Russian Federation,RUS,EUR,1992,148798341,108,160000,predicted,9.80000019073486,15000,0.100000001490116,140,VR,66,99000,0.400000005960464,0.270000010728836,400,54
Russian Federation,RUS,EUR,1993,148842678,122,180000,predicted,13,20000,0.129999995231628,200,VR,76,110000,0.490000009536743,0.370000004768372,560,56
Russian Federation,RUS,EUR,1994,148763601,137,200000,predicted,15,23000,0.180000007152557,260,VR,86,130000,0.579999983310699,0.5,750,55
Russian Federation,RUS,EUR,1995,148602147,150,220000,predicted,16,24000,0.219999998807907,330,VR,96,140000,0.680000007152557,0.649999976158142,960,60
Russian Federation,RUS,EUR,1996,148375246,162,240000,predicted,18,27000,0.270000010728836,400,VR,104,150000,0.779999971389771,0.810000002384186,1200,72
Russian Federation,RUS,EUR,1997,148079919,170,250000,predicted,18,26000,0.319999992847443,470,VR,111,160000,0.899999976158142,1,1500,72
Russian Federation,RUS,EUR,1998,147715550,177,260000,predicted,16,24000,0.370000004768372,550,VR,118,170000,1,1.20000004768372,1800,64
Russian Federation,RUS,EUR,1999,147275875,186,270000,predicted,21,31000,0.430000007152557,640,VR,123,180000,1.20000004768372,1.5,2200,74
Russian Federation,RUS,EUR,2000,146762881,194,280000,predicted,21,31000,0.529999971389771,780,VR,128,190000,1.39999997615814,1.79999995231628,2700,75
Russian Federation,RUS,EUR,2001,146170247,201,290000,predicted,21,30000,0.709999978542328,1000,VR,132,190000,1.79999995231628,2.40000009536743,3500,69
Russian Federation,RUS,EUR,2002,145520813,208,300000,predicted,23,33000,0.910000026226044,1300,VR,136,200000,2.20000004768372,2.90000009536743,4300,65
Russian Federation,RUS,EUR,2003,144879644,214,310000,predicted,23,33000,1.10000002384186,1600,VR,138,200000,2.59999990463257,3.5,5100,65
Russian Federation,RUS,EUR,2004,144331352,215,310000,predicted,22,32000,1.29999995231628,1900,VR,138,200000,3,4.09999990463257,6000,61
Russian Federation,RUS,EUR,2005,143932966,210,300000,predicted,23,34000,1.5,2200,VR,136,200000,3.40000009536743,4.59999990463257,6700,65
Russian Federation,RUS,EUR,2006,143715023,200,290000,predicted,21,30000,1.5,2200,VR,132,190000,3.79999995231628,5,7200,66
Russian Federation,RUS,EUR,2007,143652377,186,270000,predicted,19,27000,1.5,2100,VR,126,180000,4.09999990463257,5.09999990463257,7400,70
Russian Federation,RUS,EUR,2008,143677033,171,250000,predicted,19,27000,1.29999995231628,1900,VR,119,170000,4.40000009536743,5.19999980926514,7500,75
Russian Federation,RUS,EUR,2009,143689741,155,220000,predicted,18,25000,1.20000004768372,1700,VR,112,160000,4.69999980926514,5.19999980926514,7500,83
Russian Federation,RUS,EUR,2010,143617913,140,200000,predicted,16,23000,1.10000002384186,1600,VR,105,150000,5.09999990463257,5.30000019073486,7700,83
Russian Federation,RUS,EUR,2011,143438152,128,180000,predicted,15,21000,1.10000002384186,1600,VR,99,140000,5.69999980926514,5.59999990463257,8000,80
Ukraine,UKR,EUR,1990,51658594,71,37000,predicted,9.60000038146973,5000,0.0599999986588955,31,VR,48,25000,0.400000005960464,0.189999997615814,97,67
Ukraine,UKR,EUR,1991,51678509,84,43000,predicted,9.69999980926514,5000,0.0900000035762787,49,VR,52,27000,0.519999980926514,0.270000010728836,140,62
Ukraine,UKR,EUR,1992,51647501,97,50000,predicted,11,5500,0.150000005960464,78,VR,58,30000,0.689999997615814,0.400000005960464,210,61
Ukraine,UKR,EUR,1993,51555398,110,57000,predicted,12,6000,0.239999994635582,120,VR,64,33000,0.939999997615814,0.610000014305115,310,60
Ukraine,UKR,EUR,1994,51390495,124,63000,predicted,12,6200,0.379999995231628,200,VR,71,37000,1.29999995231628,0.939999997615814,480,56
Ukraine,UKR,EUR,1995,51146967,136,70000,predicted,15,7900,0.579999983310699,300,VR,79,40000,1.79999995231628,1.39999997615814,740,53
Ukraine,UKR,EUR,1996,50821019,148,75000,predicted,17,8800,0.860000014305115,440,VR,86,44000,2.5,2.20000004768372,1100,53
Ukraine,UKR,EUR,1997,50421998,158,80000,predicted,18,9100,1.20000004768372,600,VR,94,47000,3.40000009536743,3.20000004768372,1600,60
Ukraine,UKR,EUR,1998,49974187,166,83000,predicted,17,8400,1.60000002384186,780,VR,101,51000,4.40000009536743,4.40000009536743,2200,55
Ukraine,UKR,EUR,1999,49510626,168,83000,predicted,21,10000,1.89999997615814,960,VR,108,54000,5.40000009536743,5.90000009536743,2900,61
Ukraine,UKR,EUR,2000,49057226,164,80000,predicted,23,11000,2.29999995231628,1100,VR,114,56000,6.5,7.5,3700,59
Ukraine,UKR,EUR,2001,48620596,163,79000,predicted,24,11000,2.59999990463257,1300,VR,119,58000,7.59999990463257,9.10000038146973,4400,63
Ukraine,UKR,EUR,2002,48200504,163,79000,predicted,21,10000,2.90000009536743,1400,VR,123,59000,8.60000038146973,11,5100,68
Ukraine,UKR,EUR,2003,47807199,162,77000,predicted,23,11000,3.09999990463257,1500,VR,126,60000,9.39999961853027,12,5700,130
Ukraine,UKR,EUR,2004,47450472,161,76000,predicted,24,11000,3.29999995231628,1600,VR,127,60000,10,13,6100,68
Ukraine,UKR,EUR,2005,47135932,163,77000,predicted,26,12000,3.40000009536743,1600,VR,127,60000,11,14,6400,66
Ukraine,UKR,EUR,2006,46871328,163,77000,predicted,23,11000,3.59999990463257,1700,VR,125,59000,11,14,6600,70
Ukraine,UKR,EUR,2007,46653183,161,75000,predicted,23,11000,3.79999995231628,1800,VR,123,57000,12,14,6700,66
Ukraine,UKR,EUR,2008,46461350,155,72000,predicted,23,11000,3.90000009536743,1800,VR,119,55000,12,14,6700,68
Ukraine,UKR,EUR,2009,46267306,149,69000,predicted,19,8700,4.09999990463257,1900,VR,115,53000,13,15,6800,68
Ukraine,UKR,EUR,2010,46050220,142,65000,predicted,17,8000,4.09999990463257,1900,VR,110,51000,14,15,7000,67
Ukraine,UKR,EUR,2011,45802721,134,61000,predicted,16,7200,4,1800,VR,105,48000,15,16,7200,71
Ukraine,UKR,EUR,2012,45529944,126,58000,predicted,16,7100,3.59999990463257,1600,VR,101,46000,16,16,7300,89
Ukraine,UKR,EUR,2013,45238805,120,54000,predicted,14,6600,2.79999995231628,1300,VR imputed,96,44000,16,16,7200,84
Russian Federation,RUS,EUR,2012,143169653,120,170000,predicted,13,19000,1,1500,VR,93,130000,6.09999990463257,5.69999980926514,8100,79
Russian Federation,RUS,EUR,2013,142833689,114,160000,predicted,12,17000,0.980000019073486,1400,VR,89,130000,6.19999980926514,5.5,7900,83
